<?xml version="1.0" encoding="iso-8859-1"?>
<mosinstall type="component">
  <name>Files</name>
  <creationDate>15.08.2005</creationDate>
  <author>Philipp Schmid</author>
  <copyright>Copyright 2005 by Philipp Schmide. All rights reserved!</copyright>
  <authorEmail>schmidp@schmidp.com</authorEmail>
  <authorUrl>www.schmidp.com</authorUrl>
  <version>1.0</version>
  <description>Files is a simple directory browser.</description>
  <files>
    <filename>files.php</filename>
    <filename>files.html.php</filename>
    <filename>index.html</filename>
  </files>
  <images>
    <filename>images/folder.gif</filename>
    <filename>images/blank.gif</filename>
    <filename>images/file.gif</filename>
    <filename>images/back.gif</filename>
  </images>
  <administration>
    <menu>Files</menu>
    <files>
      <filename>index.html</filename>
      <filename>admin.files.php</filename>
      <filename>admin.files.html.php</filename>
      <filename>toolbar.files.php</filename>
      <filename>toolbar.files.html.php</filename>
    </files>
  </administration>
  <installfile>
    <filename>install.files.php</filename>
  </installfile>
  <uninstallfile>
    <filename>uninstall.files.php</filename>
  </uninstallfile>  

  <params>
  	<param name="path" type="text" size="50" default="/var/www/files" label="Path" description="Path of the filesystem directory you want to publish with this component. For Example: /var/www/files" />
  	<param name="rpath" type="text" size="50" default="/files" label="Relative Path" description="Relative path of directory you want to publish with this component. For Example: /files" />
  </params>
</mosinstall>
